fecha,hora,booter,sec2_mailbox0,al_llegar,fuego_frontera_antes,build_autopsia,gsp_mailbox0_al_pararse,cpuctl_gsp_al_pararse,bsi14_antes,bsi14_al_pararse,wpr2_al_pararse,wpr_meta_palabras,iommu_eventos_durante,pcie_capacidad,nota
2026-09-24,07:48,0x15,0x00000015,caliente,si,no,,,,,,,,,reinicio con el GSP-RM vivo (D1); arreglado con L0c5 y cortando la corriente
2026-09-24,08:14,bien,0x00000000,frio,si,no,,,,,,,,,tras apagar del todo
2026-09-24,13:52,0x15,0x00000015,frio (FRTS corrio),si,no,,,,,,,,,
2026-09-24,19:12,0x15,0x00000015,frio (FRTS corrio),si,no,,,,,,,,,
2026-09-25,13:35,bien,0x00000000,frio,si,no,,,,,,,,Gen3 x16,
2026-09-25,19:38,0x15,0x00000015,frio,si,no,,,,,0x02F40000/0x02FFEE00,,,Gen4 x16,primer 0x15 con la tarjeta fria segun la WPR2
2026-09-25,19:59,0x15,0x00000015,frio,si,parcial,0xFFFFFFFF (centinela),,0x00000000,0x00000000,0x02F40000/0x02FFEE00,,,Gen4 x16,primera autopsia; cae el bit 26 de BSI_14
2026-09-25,20:19,bien,0x00000000,frio,si,parcial,,,,,,,,Gen3 x16,
2026-09-25,20:39,bien,0x00000000,frio,si,parcial,,,,,,,,Gen3 x16,
2026-09-25,20:51,0x15,0x00000015,frio,si,si,0xBADF1002,0xBADF5620,0x00000000,0x00000000,0x02F40000/0x02FFEE00,0,,Gen4 x16,primera autopsia completa
2026-09-25,20:59,0x15,0x00000015,frio,si,si,0xBADF1002,0xBADF5620,0x00000000,0x00000000,0x02F40000/0x02FFEE00,0,,Gen4 x16,metiche: aborto-recibido NUEVO en la 3060 (era frontera)
2026-09-25,21:08,0x15,0x00000015,frio,si,si,0xBADF1002,0xBADF5620,0x00000000,0x00000000,0x02F40000/0x02FFEE00,0,,Gen4 x16,el fallo de la IOMMU en 0x20000000 = frontera
2026-09-25,21:16,0x15,0x00000015,frio,si,si (build viejo),0xBADF1002,0xBADF5620,0x00000000,0x00000000,0x02F40000/0x02FFEE00,0,,Gen4 x16,receta sin armar: no vale para el experimento
2026-09-25,~21:30,bien,0x00000000,frio,NO (save mode -fuego -frontera),si (bus e IOMMU),0x00000000,0xBADF5720,0x00000000,0x11000000,0x02F40000/0x02FFEE00,0,0 -> 0,,primer arranque sin frontera; GSP-RM arriba (LOGRM 2428417)
2026-09-25,noche (2),bien,0x00000000,frio,NO (save mode -fuego -frontera),si (bus e IOMMU),0x00000000,0xBADF5720,0x00000000,0x11000000,0x02F40000/0x02FFEE00,0,0 -> 0,,segundo sin frontera; GSP-RM arriba (LOGRM 2440255)
2026-09-25,noche (3),bien,0x00000000,frio,NO (save mode -fuego -frontera),si (bus e IOMMU),0x00000000,0xBADF5720,0x00000000,0x11000000,0x02F40000/0x02FFEE00,0,0 -> 0,,tercero sin frontera; GSP-RM arriba (LOGRM 2494141); 3 de 3
2026-09-25,22:33,bien,0x00000000,frio,NO (save mode init: ya no son pasos),si (bus e IOMMU),0x00000000,0xBADF5720,0x00000000,0x11000000,0x02F40000/0x02FFEE00,0,0 -> 0,Gen1 x16,arranque POR DEFECTO (init); GSP_INIT_DONE en 186 ms
2026-09-26,05:07,bien,0x00000000,frio (corriente desconectada),NO (init por defecto: modo.txt no estaba),si (bus e IOMMU),0x00000000,0xBADF5720,0x00000000,0x11000000,0x02F40000/0x02FFEE00,0,0 -> 0,Gen1 x16,GSP_INIT_DONE en 187 ms; despues VERRANO preparo 24 pasos
2026-09-26,06:46,bien,0x00000000,fria tras REINICIO sin cortar la corriente (apagado ordenado L0c5),NO (init por defecto),si (bus e IOMMU),0x00000000,0xBADF5720,0x00000000,0x11000000,0x02F40000/0x02FFEE00,0,0 -> 0,Gen3 x16,reinicio en caliente: la tarjeta llego limpia; VERRANO V0 IGUAL
2026-09-29,06:25,bien,0x00000000,frio,NO (init por defecto),si (bus e IOMMU),,,,,,,,,GSP_INIT_DONE a los 184 ms; GR computo lienzo y texturas 96/96
2026-09-29,10:09,0x15,0x00000015,frio,NO (init por defecto),si (bus e IOMMU),0xBADF1002,,0x00000000,,,,,,0x15 NUEVO (sin fuego ni frontera); primer build con N1a
2026-09-29,10:24,bien,0x00000000,frio,NO (init por defecto),si (bus e IOMMU),0x00000000,,0x00000000,0x11000000,,,,,al llegar y cargador IGUALES al de las 10:09
2026-09-29,10:54,0x15,0x00000015,frio (ErP Ready + APAGAR),NO (init por defecto),si (bus e IOMMU),0xBADF1002,,0x00000000,,,,,,W2: no basta
2026-09-29,11:06,0x15,0x00000015,frio (ErP Ready + APAGAR),NO (init por defecto),si (bus e IOMMU),0xBADF1002,,0x00000000,,,,,,W2: segundo seguido
2026-09-29,12:07,0x15,0x00000015,frio,NO (init por defecto),si (bus e IOMMU),0xBADF1002,,0x00000000,,,,,,H3 (wbinvd antes del booter): igual; build con N1a que reanima todos los puertos
2026-09-29,12:42,0x15,0x00000015,frio,NO (init por defecto),si (bus e IOMMU),0xBADF1002,0xBADF5620,0x00000000,0x00000000,0x02F40000/0x02FFEE00,0,0 -> 0,Gen3 x16,H3 cae; el bus con el mismo CORREGIBLE que traia al arrancar
2026-09-29,13:17,0x15,0x00000015,frio,NO (init por defecto),si (bus e IOMMU),0xBADF1002,0xBADF5620,0x00000000,0x00000000,0x02F40000/0x02FFEE00,0,0 -> 0,Gen3 x16,vigia IGUAL (0x908311CBC2BAB6E7) y LIBOS igual; GSP parado 119 ms antes del booter; disco 1 aviso durante; ram prueba 14052 MiB 0 errores
